__quarterly__,rl,rd,new_rl,new_rd,ta,le,sec,bk,,,__monthly__,rl_m,rd_m,new_rl_m,new_rd_m,ta_m,le_m,bk_m,sec_m,,,__eof__
,,,,,,,,,,,,,,,,,,,,,,__eof__
2003Q1,5.50235205540727,1.57371347068088,NaN,2.38667660485641,235175.666666667,168877,30168,17052.3333333333,,,2003M01,5.55814620011415,1.59586011917106,NaN,2.52903451387322,233381,167789,17213,30568,,,__eof__
2003Q2,5.20960056304398,1.40531405440851,NaN,2.07352122291859,241965.666666667,175600,29846.3333333333,17639,,,2003M02,5.55173199367608,1.64003373892306,NaN,2.40845294610444,236130,169046,17052,30128,,,__eof__
2003Q3,4.84691133390461,1.21935552782765,NaN,1.78555966106417,252555,182987.333333333,31633.6666666667,17930.3333333333,,,2003M03,5.39717797243159,1.48524655394853,NaN,2.22254235459156,236016,169796,16892,29808,,,__eof__
2003Q4,4.69575222636693,1.21120099687661,NaN,1.76217990391428,266083,191695.666666667,33828,18499.3333333333,,,2003M04,5.3129398658058,1.46904949832776,NaN,2.16940623845464,239542,174215,17849,29664,,,__eof__
2004Q1,4.62070033419333,1.19343409257986,NaN,1.76467183894009,285910,205126,38133,19609.3333333333,,,2003M05,5.26125779868548,1.46556979846874,NaN,2.17859546984445,241492,174659,17446,29306,,,__eof__
2004Q2,4.52742968580836,1.1878107896302,NaN,1.76059918725122,314158.666666667,226270.666666667,41551.3333333333,20597.6666666667,,,2003M06,5.05460402464066,1.28132286642902,NaN,1.8725619604567,244863,177926,17622,30569,,,__eof__
2004Q3,4.4412610958805,1.18830572409653,NaN,1.78476809141658,340707,232659.333333333,44989,22587,,,2003M07,4.9239806187709,1.23069745970614,NaN,1.77754969113754,248785,180157,17953,31122,,,__eof__
2004Q4,4.39252581069418,1.22022582414711,NaN,1.82506162856662,352244,240865.666666667,48527,22896.3333333333,,,2003M08,4.83215360348458,1.20607918279626,NaN,1.79183908611945,251378,182570,18047,30966,,,__eof__
2005Q1,4.37133005859551,1.29958915853159,NaN,1.85693831927628,375745.333333333,259314.333333333,51526,23352.3333333333,,,2003M09,4.78459977945834,1.22128994098057,NaN,1.78729020593553,257502,186235,17791,32813,,,__eof__
2005Q2,4.29884692322968,1.29276111391233,NaN,1.85981044339594,395345.333333333,272569,54167,24285,,,2003M10,4.73027677962952,1.20310813722136,NaN,1.75398989209124,261292,187951,18164,33455,,,__eof__
2005Q3,4.25356435898733,1.30034081903396,NaN,1.87900929657042,427385.666666667,293827.666666667,59470.6666666667,27202.3333333333,,,2003M11,4.69247669552342,1.20989791332263,NaN,1.75596774193548,264988,190625,18369,34133,,,__eof__
2005Q4,4.24694452817686,1.3415006923819,NaN,1.95154262790606,463948.666666667,322985.666666667,61582.3333333333,29281.3333333333,,,2003M12,4.66450320394785,1.22059694008585,NaN,1.7765820777161,271969,196511,18965,33896,,,__eof__
2006Q1,4.43216111123923,1.48707584338711,NaN,2.15761280913902,499353.666666667,339438,64482.3333333333,30908,,,2004M01,4.65794607032849,1.20118228166913,NaN,1.7729950284409,276775,199514,19148,36872,,,__eof__
2006Q2,4.61582313086623,1.62771354754847,NaN,2.41986849271396,532982.666666667,358746.666666667,66540.6666666667,32306.3333333333,,,2004M02,4.60836879789513,1.20278194404384,NaN,1.7623542566709,284397,202705,19675,38228,,,__eof__
2006Q3,4.89663886420535,1.80776584324463,NaN,2.7551169273879,563879,378986,71930.3333333333,33942.3333333333,,,2004M03,4.59578613435636,1.17633805202662,NaN,1.75866623170845,296558,213159,20005,39299,,,__eof__
2006Q4,5.20038820228064,2.04207065899514,NaN,3.16475476230524,598991.333333333,405406.333333333,74169.6666666667,34920.6666666667,,,2004M04,4.55045625138489,1.18770628892244,NaN,1.74187544944628,305099,218462,20043,40631,,,__eof__
2007Q1,5.4809450802294,2.20822643442085,NaN,3.44804405283826,619510,427099.333333333,77049.6666666667,37052.3333333333,,,2004M05,4.52462504735105,1.19092452013615,NaN,1.75649970737417,315660,228255,20397,41267,,,__eof__
2007Q2,5.72081242056555,2.37319635995678,NaN,3.70258907924166,646588.666666667,445416,81900.6666666667,38974.3333333333,,,2004M06,4.50720775868915,1.18480155983202,NaN,1.7834224049332,321717,232095,21353,42756,,,__eof__
2007Q3,5.94270013299902,2.51835014694534,NaN,3.95573028363855,661252.333333333,459869,84058,41315.6666666667,,,2004M07,4.44875429084726,1.17246588022803,NaN,1.78693684407796,337923,229833,22485,43882,,,__eof__
2007Q4,6.05244764478382,2.63659027257821,NaN,4.01260718951892,688440.333333333,477197.666666667,92394.6666666667,42056.3333333333,,,2004M08,4.4395271596136,1.19922903839696,NaN,1.7751024790162,339869,232889,22583,44339,,,__eof__
2008Q1,6.01810478486532,2.76314954686362,NaN,4.03146477284409,715828.333333333,500497,92350,41849.3333333333,,,2004M09,4.43550183718063,1.19322225366461,NaN,1.79226495115559,344329,235256,22693,46746,,,__eof__
2008Q2,6.09069292325373,2.90271397322604,NaN,4.14566395426506,737053,509443.666666667,95204.3333333333,42228.3333333333,,,2004M10,4.40314616965249,1.2048192784554,NaN,1.80693460423525,346663,237801,22760,47350,,,__eof__
2008Q3,6.33204715653872,3.12299810211527,NaN,4.39235721550991,764562.333333333,511865,105359,43367.3333333333,,,2004M11,4.40935947238984,1.21837256885635,NaN,1.83272128181936,353405,241418,22727,48542,,,__eof__
2008Q4,5.91079900674653,2.96227637603062,NaN,3.75849080670172,820330.666666667,516936.666666667,127843.333333333,42763.6666666667,,,2004M12,4.36507179004022,1.23748562512956,NaN,1.83552899964526,356664,243378,23202,49689,,,__eof__
2009Q1,4.53614905207748,2.16224088233898,NaN,2.10149439556844,840152.333333333,507175,137250,43776.3333333333,,,2005M01,4.38693995758793,1.29317297795113,NaN,1.84498918396465,368870,254264,22982,50850,,,__eof__
2009Q2,3.78054094907689,1.80454116587616,NaN,1.55807569835635,850963.333333333,515681.666666667,137241.666666667,46939.6666666667,,,2005M02,4.37688700252817,1.30634741206536,NaN,1.86597265268915,374860,259519,23400,51041,,,__eof__
2009Q3,3.44131061949214,1.67766896728213,NaN,1.23110341326159,831590.666666667,508663,134023.666666667,51850.6666666667,,,2005M03,4.35016321567045,1.29924708557826,NaN,1.85985312117503,383506,264160,23675,52687,,,__eof__
2009Q4,3.30165242252269,1.59025355719843,NaN,1.25829799829834,804319.666666667,486684.333333333,131064,51292,,,2005M04,4.32145140421237,1.29351989048997,NaN,1.85215709208691,386819,266898,23766,52915,,,__eof__
2010Q1,3.29642729568165,1.54912665588055,NaN,1.33618361470506,803254.666666667,479409,129452,51879.6666666667,,,2005M05,4.28845951089392,1.30414863243266,NaN,1.86211011148896,394802,273844,23898,53715,,,__eof__
2010Q2,3.36551775017142,1.50931218224582,NaN,1.30699969115835,796237.333333333,475221,133019.666666667,49315,,,2005M06,4.28662985458277,1.28061481881437,NaN,1.86516412661196,404415,276965,25191,55871,,,__eof__
2010Q3,3.46098909779833,1.52263648536585,NaN,1.44519443550791,786368,463000.666666667,134700.666666667,50184,,,2005M07,4.26574671687861,1.28900807278446,NaN,1.86557453277296,416866,283905,26524,58804,,,__eof__
2010Q4,3.56429083492188,1.51269247282255,NaN,1.55121262010029,765282.666666667,442485.666666667,136892.333333333,57014.6666666667,,,2005M08,4.25370387248249,1.30387135100105,NaN,1.88489456973052,426683,293354,27086,60086,,,__eof__
2011Q1,3.68830808041442,1.52644690320625,NaN,1.72047544649794,724780.666666667,410928,135176.333333333,67007.6666666667,,,2005M09,4.24124248760089,1.30814303331637,NaN,1.88655878720777,438608,304224,27997,59522,,,__eof__
2011Q2,3.88085865209922,1.61071928683313,NaN,1.8569593748374,677017.333333333,392776.666666667,125842.666666667,69169,,,2005M10,4.21927881608784,1.30086437279974,NaN,1.89983685220729,453493,315969,29427,60581,,,__eof__
2011Q3,4.07864958262145,1.70386373965263,NaN,2.18157449533207,666765,389822.666666667,120958.333333333,93605.6666666667,,,2005M11,4.223518105524,1.3336464486947,NaN,1.91700622614983,461585,320834,28497,62540,,,__eof__
2011Q4,4.05434307928328,1.77724123584526,NaN,2.33329848064887,651272,363575.333333333,133114,91888.6666666667,,,2005M12,4.29803666291874,1.38999125565127,NaN,2.03778480536104,476768,332154,29920,61626,,,__eof__
2012Q1,3.80389470383682,1.76633496775929,NaN,2.18866512795861,625592.666666667,351443.666666667,133585.666666667,90992,,,2006M01,4.34214552247183,1.4439109954018,NaN,2.05984043915828,478392,333571,30196,63691,,,__eof__
2012Q2,3.66239017288532,1.75277577834596,NaN,1.95132529174202,613915,352084.333333333,131011,94516.3333333333,,,2006M02,4.43535981896787,1.46144446828158,NaN,2.12355580348249,504269,340095,30964,64534,,,__eof__
2012Q3,3.50628430014221,1.65717509357658,NaN,1.4494919516348,582123.333333333,346201,128241,96535.6666666667,,,2006M03,4.51897799227799,1.55587206647795,NaN,2.28944218477629,515400,344648,31564,65222,,,__eof__
2012Q4,3.43699303614069,1.51077770737813,NaN,1.17401335889273,567127.666666667,336157.333333333,124365,97981,,,2006M04,4.5205752051741,1.5946635291187,NaN,2.36240365303725,522459,351729,31808,65269,,,__eof__
2013Q1,3.45679006706702,1.40003768106213,NaN,1.06331359952875,519374.666666667,308654,112751.333333333,95747.6666666667,,,2006M05,4.57452449318765,1.60503712816124,NaN,2.37865900523369,530622,357290,31923,66323,,,__eof__
2013Q2,3.43812383061098,1.21116412929984,NaN,0.775458115589387,494471.333333333,288847.666666667,111397.333333333,94327,,,2006M06,4.75236969423693,1.68343998536547,NaN,2.51854281987096,545867,367221,33188,68030,,,__eof__
2013Q3,3.43426173286626,1.0736809946594,NaN,0.665217451007714,484362,283176.666666667,108506.333333333,94752,,,2006M07,4.78786874987545,1.71212040695631,NaN,2.6081934079602,552203,370406,33734,70356,,,__eof__
2013Q4,3.39487115885835,0.958232700633655,NaN,0.67044754572135,477256.333333333,279260.666666667,108415.333333333,95587,,,2006M08,4.92057116259989,1.80657080500294,NaN,2.78037795739389,563815,379955,34003,72011,,,__eof__
2014Q1,3.39395453318289,0.877686343929244,NaN,0.646907130661892,469468,273491.666666667,105632.666666667,96720,,,2006M09,4.98147668014071,1.90460631777463,NaN,2.87677941680961,575619,386597,34090,73424,,,__eof__
2014Q2,3.42688786186158,0.819049614588578,NaN,0.62695609435941,452261.333333333,260303,100484.666666667,93356.6666666667,,,2006M10,5.10826677495133,1.99103462174036,NaN,3.04731397669106,587349,399249,34508,75156,,,__eof__
2014Q3,3.45500405384538,0.749614653877558,NaN,0.530795547813597,429894.666666667,244150.666666667,96534.6666666667,84012.6666666667,,,2006M11,5.16220288226204,2.03411505441652,NaN,3.13542647102241,596811,404665,34767,74365,,,__eof__
2014Q4,3.46777798673532,0.687407264558612,NaN,0.403711447760115,424509.333333333,237869,95842,80979,,,2006M12,5.33069494962855,2.10106230082855,NaN,3.31152383920224,612814,412305,35487,72988,,,__eof__
2015Q1,3.41093877998964,0.63323656267365,3.45905751800539,0.315201572757394,421799.333333333,235552.333333333,94819.3333333333,77329.3333333333,,,2007M01,5.40468650487442,2.12693681230294,NaN,3.36872947230129,611118,420297,36964,75891,,,__eof__
2015Q2,3.44319015659873,0.540685150703714,3.32515679255432,0.249340738103147,410422.666666667,230858.666666667,90275.3333333333,74482,,,2007M02,5.43883386866524,2.18421804481142,NaN,3.41405351833499,618690,429586,36753,77546,,,__eof__
2015Q3,3.45347252072612,0.458408439411615,3.3448631109701,0.194914567367701,392659,220208.333333333,83345.3333333333,73013.3333333333,,,2007M03,5.59931486714856,2.31352444614819,NaN,3.56134916787849,628722,431415,37440,77712,,,__eof__
2015Q4,3.44299354934074,0.38816827937522,3.38423056095185,0.165051112392813,385157,214203.333333333,80208,70599,,,2007M04,5.65011759302436,2.33755100923173,NaN,3.65204140155928,637253,441235,37632,79923,,,__eof__
2016Q1,3.4795251700718,0.333645839441349,3.21828961193368,0.152622642590785,372932.333333333,202888,79614.3333333333,67248.3333333333,,,2007M05,5.67886559828106,2.33772312846919,NaN,3.65029938594033,642924,442038,39190,82002,,,__eof__
2016Q2,3.49316967019968,0.290268127412777,3.20646191881491,0.109571116967408,367196,199127.666666667,78583.6666666667,67314.6666666667,,,2007M06,5.83345407039122,2.44431494216943,NaN,3.80542645022538,659589,452975,40101,83777,,,__eof__
2016Q3,3.49401048145292,0.253938130889948,3.09050579660684,0.106831385653159,364773,195136,75905.6666666667,65524.3333333333,,,2007M07,5.85928865402841,2.46833728171373,NaN,3.88488614313435,659503,456449,40956,84070,,,__eof__
2016Q4,3.50502960065724,0.21761281972882,3.08240487400523,0.0881786016096775,359758,191008,75597.6666666667,62790.6666666667,,,2007M08,5.94631635300144,2.5038361635316,NaN,3.95532602893665,661159,462569,41436,84401,,,__eof__
2017Q1,3.6344398395111,0.161095730252454,3.08340938216157,0.0731710502144631,349500,184266,74269.6666666667,61613.6666666667,,,2007M09,6.02249539196723,2.58287699559069,NaN,4.02697867884464,663095,460589,41555,83703,,,__eof__
2017Q2,3.62040972866738,0.135795616357158,3.07823068474566,0.0600234289426188,343805,181396,71697.3333333333,61033,,,2007M10,6.00659909743286,2.60203638404198,NaN,3.98010392167587,670276,466834,41843,87055,,,__eof__
2017Q3,3.60982723921379,0.121539963691695,3.01423193800957,0.0508183688789863,339362,181280.666666667,69641,60242.6666666667,,,2007M11,6.0276295862657,2.60925824538003,NaN,3.97308007789449,692771,482583,41998,91349,,,__eof__
2017Q4,3.5836342036441,0.110222828668618,3.36093133033615,0.0478273757684455,335044.333333333,182513.333333333,66272.6666666667,58960,,,2007M12,6.12311425065291,2.69847618831262,NaN,4.0846375689864,702274,482176,42328,98780,,,__eof__
2018Q1,3.58845232531073,0.10496804373119,3.39023359164529,0.0482439515877949,332282.666666667,181485.666666667,66083,56146.6666666667,,,2008M01,6.04050448524807,2.71729497631922,NaN,3.98477490100518,715883,498308,42091,97346,,,__eof__
2018Q2,3.56302163263666,0.0979647706712962,3.19272298885383,0.0304568975649466,332782,177817.666666667,65193.3333333333,55481.3333333333,,,2008M02,6.00965448251475,2.76536796636438,NaN,4.02095892540655,709854,496642,41645,90001,,,__eof__
2018Q3,3.54025151578623,0.0911982221606475,3.11086232012456,0.0283054640128556,334626.666666667,180629.666666667,64924.3333333333,55497.3333333333,,,2008M03,6.00415538683314,2.80678569790727,NaN,4.08866049212054,721748,506541,41812,89703,,,__eof__
2018Q4,3.53455137863525,0.0836476814491759,2.93969946820301,0.024801115531059,334587.333333333,184329.666666667,65076.6666666667,54903.6666666667,,,2008M04,6.04900366744461,2.84327499773503,NaN,4.10354042176484,725163,509097,41649,91057,,,__eof__
2019Q1,3.5326691628801,0.0749930638227552,3.29475197648932,0.0280501479297293,341501.333333333,194023.666666667,64392,53777,,,2008M05,6.07580976097417,2.88842687094159,NaN,4.11388294193208,740223,513982,41936,91023,,,__eof__
2019Q2,3.51535751551392,0.0641514633165071,2.9915091154207,0.0214301045701799,365186.666666667,209041.333333333,63922.6666666667,54702.3333333333,,,2008M06,6.1472653413424,2.9764400510015,NaN,4.21956849909826,745773,505252,43100,103533,,,__eof__
2019Q3,3.46918896729663,0.0604334802072779,3.24172279697908,0.00726774367374322,399470,215552.333333333,63603.6666666667,52740,,,2008M07,6.25633632711085,3.0602582359988,NaN,4.33076489835327,745282,507354,43212,102926,,,__eof__
2019Q4,3.47405343785502,0.0590495121600392,3.1969639411788,0.00504734706295578,410247.333333333,220525,61454,52772.6666666667,,,2008M08,6.326262572774,3.16650927965943,NaN,4.39663143539039,756670,511306,43585,106730,,,__eof__
2020Q1,3.4453650484497,0.0470625758074896,3.10630876275107,-0.00788675419465898,423677.333333333,226083,62947.3333333333,48983.3333333333,,,2008M09,6.41354256973132,3.14222679068757,NaN,4.44967531278609,791735,516935,43305,106421,,,__eof__
2020Q2,3.28393078387779,0.0404934327391345,2.75835707148773,-0.0365358608770525,439230,231053.333333333,64417.3333333333,48842,,,2008M10,6.33478578704536,3.15863811813239,NaN,4.35610595260015,829705,533854,43936,120135,,,__eof__
2020Q3,3.25718448383017,0.039587604903514,3.12493861394121,-0.0451520168766304,447371,230346.666666667,64807.6666666667,48634,,,2008M11,6.0240347664179,3.0054322198851,NaN,3.80180006405922,824883,523287,42686,129809,,,__eof__
2020Q4,3.22734915855673,0.0320133379159361,2.96724694124595,-0.0681950047319446,477034.666666667,241860.666666667,64481.3333333333,49016,,,2008M12,5.37357646677633,2.72275879007437,NaN,3.1175664034458,806404,493669,41669,133586,,,__eof__
2021Q1,3.15879095244848,0.0135043369923484,2.94507866009209,-0.270901912633692,500134,250941.333333333,64260,48641.6666666667,,,2009M01,4.89083807808064,2.3537323324062,NaN,2.60598097124465,839178,508904,43501,135180,,,__eof__
2021Q2,3.09626035889495,0.00224938720452892,2.91587717353892,-0.316824868953744,511167,248668.666666667,64540,48497,,,2009M02,4.53028336024561,2.16173121424211,NaN,1.95871323261076,842571,505498,44055,139055,,,__eof__
2021Q3,3.10836555494319,-0.00344756068779421,3.00469352148231,-0.348866612106473,526193.666666667,253174.666666667,62180,48828.6666666667,,,2009M03,4.18732571790619,1.97125910036863,NaN,1.73978898284992,838708,507123,43773,137515,,,__eof__
2021Q4,3.10167105047229,-0.0166827543998104,2.94388404767198,-0.370303356338204,522626.666666667,252246.666666667,57969,48997.6666666667,,,2009M04,3.91351640555905,1.89785192621763,NaN,1.60910672624461,847906,512143,43962,136662,,,__eof__
2022Q1,3.11409994337146,-0.0288719576704268,3.01002523865137,-0.396096477074037,551365,276683.666666667,56688.6666666667,49173,,,2009M05,3.78694379596307,1.79177329413672,NaN,1.56587918660287,859073,520193,47228,136411,,,__eof__
2022Q2,3.12011550673553,-0.0224553144592243,3.19651922889763,-0.218874903759954,569305,272921,56230.6666666667,47967,,,2009M06,3.64116264570856,1.72399827727414,NaN,1.49924118222155,845911,514709,49629,138652,,,__eof__
,,,,,,,,,,,2009M07,3.50709599066576,1.71357438815924,NaN,1.3627874399937,846137,522233,51377,132139,,,__eof__
,,,,,,,,,,,2009M08,3.45183114778443,1.66252386317296,NaN,1.2099972406181,837171,511924,51926,136019,,,__eof__
,,,,,,,,,,,2009M09,3.36500472002621,1.65690865051419,NaN,1.12052555917297,811464,491832,52249,133913,,,__eof__
,,,,,,,,,,,2009M10,3.30295945454962,1.61058424745253,NaN,1.15913527556133,805749,491510,50350,131847,,,__eof__
,,,,,,,,,,,2009M11,3.29587175572519,1.58392961569132,NaN,1.23844739857896,801585,489115,50586,130340,,,__eof__
,,,,,,,,,,,2009M12,3.30612605729326,1.57624680845143,NaN,1.37731132075472,805625,479428,52940,131005,,,__eof__
,,,,,,,,,,,2010M01,3.27773155683281,1.55822838510623,NaN,1.33726513569937,815391,483065,53637,129955,,,__eof__
,,,,,,,,,,,2010M02,3.29345143328521,1.5337624507068,NaN,1.33907352712576,794968,474069,51275,129992,,,__eof__
,,,,,,,,,,,2010M03,3.31809889692693,1.55538913182863,NaN,1.33221218129005,799405,481093,50727,128409,,,__eof__
,,,,,,,,,,,2010M04,3.36269954482429,1.51839413372961,NaN,1.34624658268561,785904,470710,48169,131397,,,__eof__
,,,,,,,,,,,2010M05,3.3662291049243,1.48162667845419,NaN,1.3119674796748,800336,476911,46927,133684,,,__eof__
,,,,,,,,,,,2010M06,3.36762460076566,1.52791573455364,NaN,1.26278501111464,802472,478042,52849,133978,,,__eof__
,,,,,,,,,,,2010M07,3.42496798744548,1.54218520655182,NaN,1.43528295531103,793351,462895,51617,133811,,,__eof__
,,,,,,,,,,,2010M08,3.47166154282918,1.50942827808742,NaN,1.46843034037208,790684,470541,49538,136119,,,__eof__
,,,,,,,,,,,2010M09,3.48633776312033,1.5162959714583,NaN,1.43187001084064,775069,455566,49397,134172,,,__eof__
,,,,,,,,,,,2010M10,3.54793411629683,1.51381921191103,NaN,1.46919531610521,769791,447201,48391,136864,,,__eof__
,,,,,,,,,,,2010M11,3.52123082937997,1.52289184584429,NaN,1.51953245819097,775495,448412,50924,134479,,,__eof__
,,,,,,,,,,,2010M12,3.62370755908883,1.50136636071232,NaN,1.66491008600469,750562,431844,71729,139334,,,__eof__
,,,,,,,,,,,2011M01,3.64678038271662,1.55041420305686,NaN,1.66400288063374,728760,417660,66382,136971,,,__eof__
,,,,,,,,,,,2011M02,3.71132122790823,1.50599664764337,NaN,1.74372267145852,734376,413970,68824,135452,,,__eof__
,,,,,,,,,,,2011M03,3.70682263061839,1.52292985891851,NaN,1.75370078740157,711206,401154,65817,133106,,,__eof__
,,,,,,,,,,,2011M04,3.84353665100384,1.58578071668913,NaN,1.68108563980679,699180,396667,67516,127569,,,__eof__
,,,,,,,,,,,2011M05,3.87269146505117,1.6201717543304,NaN,1.89299807766244,670497,393503,68498,126583,,,__eof__
,,,,,,,,,,,2011M06,3.92634784024264,1.62620538947985,NaN,1.99679440704298,661375,388160,71493,123376,,,__eof__
,,,,,,,,,,,2011M07,4.06392783758287,1.67971568899858,NaN,2.07604107933951,665703,389206,93691,123820,,,__eof__
,,,,,,,,,,,2011M08,4.08446877972844,1.69952404703112,NaN,2.17308636222429,666905,387424,93016,120328,,,__eof__
,,,,,,,,,,,2011M09,4.08755213055304,1.73235148292818,NaN,2.2955960444324,667687,392838,94110,118727,,,__eof__
,,,,,,,,,,,2011M10,4.13505731189193,1.77512653121103,NaN,2.32872340425532,657759,365293,92390,134876,,,__eof__
,,,,,,,,,,,2011M11,4.05678671642629,1.78811692206565,NaN,2.26641986273718,652275,363960,92057,131144,,,__eof__
,,,,,,,,,,,2011M12,3.97118520953163,1.76848025425909,NaN,2.40475217495411,643782,361473,91219,133322,,,__eof__
,,,,,,,,,,,2012M01,3.8502317013186,1.79190016574863,NaN,2.18226295630423,632894,352147,89957,133367,,,__eof__
,,,,,,,,,,,2012M02,3.79645031895698,1.75684238386113,NaN,2.21379689631651,623560,350885,90144,132974,,,__eof__
,,,,,,,,,,,2012M03,3.76500209123487,1.75026235366811,NaN,2.1699355312551,620324,351299,92875,134416,,,__eof__
,,,,,,,,,,,2012M04,3.68524202477998,1.76612433620216,NaN,2.06942007797271,613207,351412,93273,132618,,,__eof__
,,,,,,,,,,,2012M05,3.64991991311961,1.75308885460535,NaN,2.00867212834955,613133,351311,93183,131980,,,__eof__
,,,,,,,,,,,2012M06,3.65200858075638,1.73911414423037,NaN,1.7758836689038,615405,353530,97093,128435,,,__eof__
,,,,,,,,,,,2012M07,3.54653510089024,1.7036116182711,NaN,1.55531126871552,590136,351798,95983,128664,,,__eof__
,,,,,,,,,,,2012M08,3.48434199667964,1.66883487468056,NaN,1.46913575525813,579770,345681,96309,128158,,,__eof__
,,,,,,,,,,,2012M09,3.48797580285675,1.59907878777809,NaN,1.32402883093076,576464,341124,97315,127901,,,__eof__
,,,,,,,,,,,2012M10,3.41737797613235,1.54547287178896,NaN,1.25821732283465,574992,336974,97536,127506,,,__eof__
,,,,,,,,,,,2012M11,3.46808351979788,1.53786009329339,NaN,1.10230275384355,571313,336710,97731,127606,,,__eof__
,,,,,,,,,,,2012M12,3.42551761249185,1.44900015705205,NaN,1.16152,555078,334788,98676,117983,,,__eof__
,,,,,,,,,,,2013M01,3.42325774638438,1.44230021472444,NaN,1.07745047228956,550035,329994,98873,116971,,,__eof__
,,,,,,,,,,,2013M02,3.48226453154283,1.40573850806956,NaN,1.10515802896439,506875,299559,94126,110499,,,__eof__
,,,,,,,,,,,2013M03,3.46484792327385,1.35207432039239,NaN,1.0073322973323,501214,296409,94244,110784,,,__eof__
,,,,,,,,,,,2013M04,3.45932935425579,1.26325749158389,NaN,0.894428872326636,498727,292198,94403,111534,,,__eof__
,,,,,,,,,,,2013M05,3.40959877490006,1.20590324185391,NaN,0.789145342515404,494741,289096,94334,111291,,,__eof__
,,,,,,,,,,,2013M06,3.44544336267708,1.16433165446171,NaN,0.642800131926121,489946,285249,94244,111367,,,__eof__
,,,,,,,,,,,2013M07,3.44700995607613,1.11977390742627,NaN,0.647323567614374,484639,282352,94834,108903,,,__eof__
,,,,,,,,,,,2013M08,3.42887309022243,1.06961101653796,NaN,0.68171197053407,481931,280973,94815,108845,,,__eof__
,,,,,,,,,,,2013M09,3.42690215230022,1.03165806001396,NaN,0.666616814874697,486516,286205,94607,107771,,,__eof__
,,,,,,,,,,,2013M10,3.41692883821986,0.984408271258192,NaN,0.673813991433816,477239,280700,95026,108038,,,__eof__
,,,,,,,,,,,2013M11,3.37450773804535,0.968775389372235,NaN,0.616445623342175,477911,279391,95108,108881,,,__eof__
,,,,,,,,,,,2013M12,3.39317690030983,0.921514441270539,NaN,0.72108302238806,476619,277691,96627,108327,,,__eof__
,,,,,,,,,,,2014M01,3.37808626844063,0.894953866664499,NaN,0.63770357257805,474530,276654,96933,107675,,,__eof__
,,,,,,,,,,,2014M02,3.38542491935727,0.879897086827924,NaN,0.647724858660271,472338,274422,97039,107731,,,__eof__
,,,,,,,,,,,2014M03,3.41835241175076,0.85820807829531,NaN,0.655292960747357,461536,269399,96188,101492,,,__eof__
,,,,,,,,,,,2014M04,3.41500425141926,0.834951188437786,NaN,0.655011876484561,462107,267011,96167,101611,,,__eof__
,,,,,,,,,,,2014M05,3.44420980671456,0.817783639026206,NaN,0.668494387712043,452996,259959,94054,100976,,,__eof__
,,,,,,,,,,,2014M06,3.42144952745093,0.804414016301742,NaN,0.557362018881627,441681,253939,89849,98867,,,__eof__
,,,,,,,,,,,2014M07,3.45321876485225,0.776589229820924,NaN,0.539172494172494,432415,246040,85153,96954,,,__eof__
,,,,,,,,,,,2014M08,3.44439005994648,0.752870417555817,NaN,0.561420388436409,431487,245110,84841,96339,,,__eof__
,,,,,,,,,,,2014M09,3.4674033367374,0.719384314255934,NaN,0.491793760831889,425782,241302,82044,96311,,,__eof__
,,,,,,,,,,,2014M10,3.44490645433872,0.68157692097433,NaN,0.429630439878115,427000,241036,81330,95187,,,__eof__
,,,,,,,,,,,2014M11,3.49675768545653,0.689059568535715,NaN,0.406567357512953,423169,237457,81379,96914,,,__eof__
,,,,,,,,,,,2014M12,3.46166982041072,0.691585304165791,3.39488480490078,0.374936545889277,423359,235114,80228,95425,,,__eof__
,,,,,,,,,,,2015M01,3.39109321092334,0.672355323623335,3.2005527823997,0.348218482057796,427624,239981,79813,96583,,,__eof__
,,,,,,,,,,,2015M02,3.41155729989984,0.629441752849467,3.55209328358209,0.345095905776781,421740,235608,77529,94405,,,__eof__
,,,,,,,,,,,2015M03,3.43016582914573,0.597912611548148,3.62452648803436,0.252290330437607,416034,231068,74646,93470,,,__eof__
,,,,,,,,,,,2015M04,3.44571577879751,0.555326342126398,3.36164819665525,0.236570024570025,412802,230705,74696,92454,,,__eof__
,,,,,,,,,,,2015M05,3.43847949186008,0.561528242532653,3.19680948616601,0.303680259914855,413646,232665,74440,89671,,,__eof__
,,,,,,,,,,,2015M06,3.44537519913859,0.50520086745209,3.41701269484172,0.207771929824561,404820,229206,74310,88701,,,__eof__
,,,,,,,,,,,2015M07,3.43979674899672,0.490121691790379,3.34372919717747,0.219094962527274,398791,225167,73174,83938,,,__eof__
,,,,,,,,,,,2015M08,3.44758875166062,0.455029317193115,3.29148310591293,0.184870760769936,395811,222580,73339,83519,,,__eof__
,,,,,,,,,,,2015M09,3.47303206152102,0.43007430925135,3.3993770298199,0.180777978805893,383375,212878,72527,82579,,,__eof__
,,,,,,,,,,,2015M10,3.42511609937024,0.400019769653582,3.44615084134615,0.175586158807635,390423,216374,73403,80220,,,__eof__
,,,,,,,,,,,2015M11,3.42229789401079,0.394538452748257,3.44219277444553,0.172603322949117,387471,217155,71156,80525,,,__eof__
,,,,,,,,,,,2015M12,3.48156665464117,0.369946615723821,3.26434806706388,0.146963855421687,377577,209081,67238,79879,,,__eof__
,,,,,,,,,,,2016M01,3.46747780782257,0.356438091062344,3.12700428515777,0.165463559742191,377040,204418,67483,80590,,,__eof__
,,,,,,,,,,,2016M02,3.48654064517894,0.321198685876183,3.38265892857143,0.152489626556017,374938,204574,67599,79488,,,__eof__
,,,,,,,,,,,2016M03,3.48455705721388,0.32330074138552,3.14520562207184,0.139914741474147,366819,199672,66663,78765,,,__eof__
,,,,,,,,,,,2016M04,3.50756967452738,0.30735600334598,3.35477374784111,0.118788843129914,368790,200515,67497,78901,,,__eof__
,,,,,,,,,,,2016M05,3.48103225086486,0.28488400813459,3.21739596356492,0.119460701556931,369293,200793,67628,79788,,,__eof__
,,,,,,,,,,,2016M06,3.4909070852068,0.278564370757761,3.04721604503871,0.0904638062153788,363505,196075,66819,77062,,,__eof__
,,,,,,,,,,,2016M07,3.48193706782147,0.259662586687215,3.18936979785969,0.116020908199935,367154,196657,65979,76053,,,__eof__
,,,,,,,,,,,2016M08,3.50496193776491,0.252392843200082,3.15081276050016,0.0995829842688262,364998,195281,65128,76110,,,__eof__
,,,,,,,,,,,2016M09,3.49513243877238,0.249758962782547,2.93133483146067,0.104890264490715,362167,193470,65466,75554,,,__eof__
,,,,,,,,,,,2016M10,3.48954020880361,0.241725726986479,3.04372508699779,0.101554241583203,363540,191846,64828,75621,,,__eof__
,,,,,,,,,,,2016M11,3.50686088241503,0.23759788035058,3.18440757618912,0.0931923244657654,359540,193584,62248,75845,,,__eof__
,,,,,,,,,,,2016M12,3.51868771075309,0.173514851849399,3.01908195882879,0.0697892387800645,356194,187594,61296,75327,,,__eof__
,,,,,,,,,,,2017M01,3.65521547121845,0.169921214990605,2.98013403880071,0.0718528610354223,350334,184819,61514,75338,,,__eof__
,,,,,,,,,,,2017M02,3.6288412915752,0.15891780128896,3.082819579957,0.0854487000279564,349833,184048,61772,73820,,,__eof__
,,,,,,,,,,,2017M03,3.61926275573964,0.154448174477795,3.187274527727,0.0622115895800106,348333,183931,61555,73651,,,__eof__
,,,,,,,,,,,2017M04,3.63133954393968,0.136955516875275,3.18326268564356,0.0531833395314243,346542,181507,61544,72549,,,__eof__
,,,,,,,,,,,2017M05,3.62683434782917,0.1421066813467,3.06166736724114,0.0703315040878038,343895,181375,61204,71863,,,__eof__
,,,,,,,,,,,2017M06,3.60305529423328,0.128324650849498,2.98976200135226,0.0565554432086283,340978,181306,60351,70680,,,__eof__
,,,,,,,,,,,2017M07,3.59999477290386,0.121281244637648,3.1066609963548,0.0575049090195052,340112,181225,60181,69895,,,__eof__
,,,,,,,,,,,2017M08,3.61448293172691,0.120494989328471,2.96088392044716,0.0471055322049301,340898,181138,60323,69861,,,__eof__
,,,,,,,,,,,2017M09,3.6150040130106,0.122843657108966,2.97515089722675,0.0478446654125235,337076,181479,60224,69167,,,__eof__
,,,,,,,,,,,2017M10,3.58395200349168,0.111925798365425,3.41110795005532,0.0460471512770138,340688,183010,60245,66616,,,__eof__
,,,,,,,,,,,2017M11,3.57911596904479,0.114718611974048,3.52492753623188,0.0470656092285508,332836,182955,59142,66377,,,__eof__
,,,,,,,,,,,2017M12,3.58783463839584,0.10402407566638,3.14675850472125,0.0503693667997718,331609,181575,57493,65825,,,__eof__
,,,,,,,,,,,2018M01,3.59206344227822,0.105417328676517,3.37994096601073,0.0512963917525773,331548,182542,56360,66334,,,__eof__
,,,,,,,,,,,2018M02,3.5908066278613,0.104829126023918,3.45813485589995,0.0480037664783428,332776,181780,55460,66057,,,__eof__
,,,,,,,,,,,2018M03,3.58248690579268,0.104657676493135,3.33262495302518,0.0454316965324645,332524,180135,56620,65858,,,__eof__
,,,,,,,,,,,2018M04,3.57960515799389,0.10237692339596,3.17690754339119,0.0346605922551253,332307,177552,56314,65305,,,__eof__
,,,,,,,,,,,2018M05,3.55601238654102,0.0965998307312273,3.08126448033937,0.0288658381446325,333932,177210,55134,65953,,,__eof__
,,,,,,,,,,,2018M06,3.55344735337507,0.0949175578867009,3.31999694283094,0.027844262295082,332107,178691,54996,64322,,,__eof__
,,,,,,,,,,,2018M07,3.55633925730006,0.0926159903662711,3.08065755208333,0.029366084081247,333969,179589,55361,64623,,,__eof__
,,,,,,,,,,,2018M08,3.53961600215022,0.0914120752891863,3.13933718005622,0.0298641765704584,336738,181032,55574,64975,,,__eof__
,,,,,,,,,,,2018M09,3.5247992879084,0.0895666008264853,3.11259222823414,0.0256861313868613,333173,181268,55557,65175,,,__eof__
,,,,,,,,,,,2018M10,3.5211492027809,0.0848299238026609,3.055546530837,0.0269961222833439,334089,179951,56344,65772,,,__eof__
,,,,,,,,,,,2018M11,3.54716334077589,0.0835806811128982,2.99483560445056,0.0236291413116971,335877,184929,54394,65802,,,__eof__
,,,,,,,,,,,2018M12,3.53534159234898,0.0825324394319687,2.76871626932146,0.023778082998136,333796,188109,53973,63656,,,__eof__
,,,,,,,,,,,2019M01,3.52634037917642,0.0769339509304002,3.3854266088214,0.0272641781019096,336252,188890,53966,64290,,,__eof__
,,,,,,,,,,,2019M02,3.53967049599455,0.0742754528419738,3.29448216007715,0.0267071379614217,333493,186794,53148,64293,,,__eof__
,,,,,,,,,,,2019M03,3.53199661346934,0.0737697876958916,3.20434716056942,0.0301791277258567,354759,206387,54217,64593,,,__eof__
,,,,,,,,,,,2019M04,3.52948413053196,0.0655603804125253,3.18474460630647,0.0255188866799205,360813,208092,54848,64831,,,__eof__
,,,,,,,,,,,2019M05,3.51178781578268,0.0633336562243705,2.89046984047856,0.0142697321153649,362597,208162,55695,64337,,,__eof__
,,,,,,,,,,,2019M06,3.50480060022711,0.0635603533126254,2.89931289947705,0.0245016949152542,372150,210870,53564,62600,,,__eof__
,,,,,,,,,,,2019M07,3.46828004891684,0.0612495587938685,3.25606846473029,0.0174426724544682,393041,212971,52612,63692,,,__eof__
,,,,,,,,,,,2019M08,3.47032263046222,0.0598492490578066,3.16997169811321,0.00620254603318936,402771,214768,52773,63628,,,__eof__
,,,,,,,,,,,2019M09,3.46896422251082,0.0602016327701586,3.29912822809375,-0.00184198746642793,402598,218918,52835,63491,,,__eof__
,,,,,,,,,,,2019M10,3.4602437787738,0.0568106175301257,3.2823907527488,0.00431212121212121,415877,225901,52497,61898,,,__eof__
,,,,,,,,,,,2019M11,3.470363424711,0.0628641116276766,3.44365105271748,0.0104638036809816,410929,219999,53118,61281,,,__eof__
,,,,,,,,,,,2019M12,3.49155311008025,0.0574738073223154,2.86485001807011,0.000366116295764538,403936,215675,52703,61183,,,__eof__
,,,,,,,,,,,2020M01,3.48543981164618,0.0469924899610704,3.2851717456403,0.00222072842825715,408783,219151,49058,62322,,,__eof__
,,,,,,,,,,,2020M02,3.4958655094039,0.0487586477121062,3.37246902163862,0.000931313936495282,425854,225887,48490,62519,,,__eof__
,,,,,,,,,,,2020M03,3.35478982429901,0.0454365897492922,2.66128552097429,-0.0268123049487294,436395,233211,49402,64001,,,__eof__
,,,,,,,,,,,2020M04,3.30120143337005,0.0438269910803821,2.52379849564529,-0.0204416274790431,442752,233272,48422,63308,,,__eof__
,,,,,,,,,,,2020M05,3.26524284475282,0.0390695115699004,2.67049055678195,-0.0705945265806858,440165,231330,48562,64095,,,__eof__
,,,,,,,,,,,2020M06,3.28534807351051,0.0385837955671209,3.08078216203596,-0.0185714285714286,434773,228558,49542,65849,,,__eof__
,,,,,,,,,,,2020M07,3.26272775906887,0.0370383357100914,3.11389645776567,-0.0454255319148936,451163,231959,48659,65496,,,__eof__
,,,,,,,,,,,2020M08,3.26175140971641,0.0377316123881441,3.1721875,-0.0558285428642839,446780,231723,48705,64543,,,__eof__
,,,,,,,,,,,2020M09,3.24707428270525,0.0439928666123065,3.08873188405797,-0.0342019758507135,444170,227358,48538,64384,,,__eof__
,,,,,,,,,,,2020M10,3.22152736137185,0.0417515675475439,3.05354320987654,-0.0814294403892944,458605,233497,48585,64301,,,__eof__
,,,,,,,,,,,2020M11,3.24612408006542,0.0307175205361003,2.91660955674316,-0.098213058419244,488566,246991,48676,65074,,,__eof__
,,,,,,,,,,,2020M12,3.21439603423294,0.0235709256641639,2.93158805711813,-0.0249425153872953,483933,245094,49787,64069,,,__eof__
,,,,,,,,,,,2021M01,3.18193286480355,0.0216023609020951,3.02651221039449,-0.0870799670239077,500706,255124,49030,64733,,,__eof__
,,,,,,,,,,,2021M02,3.17915979186101,0.0226383509906219,3.13917141282381,-0.359480519480519,494645,251652,48162,64927,,,__eof__
,,,,,,,,,,,2021M03,3.11528020068088,-0.00372770091567179,2.66955235705797,-0.366145251396648,505051,246048,48733,63120,,,__eof__
,,,,,,,,,,,2021M04,3.09183231306919,-0.00258596487579674,2.8094737640279,-0.270395437262357,518405,255453,48574,65462,,,__eof__
,,,,,,,,,,,2021M05,3.08487559113973,0.00511791551797127,3.03602595296026,-0.313497536945813,505553,244910,48494,65283,,,__eof__
,,,,,,,,,,,2021M06,3.11207317247594,0.00421621097141223,2.9021318036286,-0.366581632653061,509543,245643,48423,62875,,,__eof__
,,,,,,,,,,,2021M07,3.10829397647477,0.00372819331522095,2.97531175059952,-0.312178477690289,527733,253592,48721,64619,,,__eof__
,,,,,,,,,,,2021M08,3.11553755686231,0.00124396914200577,3.12835638018554,-0.364947674418605,527120,257098,48769,62571,,,__eof__
,,,,,,,,,,,2021M09,3.10126513149249,-0.0153148445206094,2.91041243366187,-0.369473684210526,523728,248834,48996,59350,,,__eof__
,,,,,,,,,,,2021M10,3.09294428726877,-0.0166094880992801,3.06669288021345,-0.369179206566347,531371,256804,48692,57438,,,__eof__
,,,,,,,,,,,2021M11,3.09615501234497,-0.0158529740481618,3.11091402855369,-0.389423170140572,542652,254787,49137,58461,,,__eof__
,,,,,,,,,,,2021M12,3.11591385180313,-0.0175858010519892,2.65404523424879,-0.352307692307692,493857,245149,49164,58008,,,__eof__
,,,,,,,,,,,2022M01,3.09755436525755,-0.0280971504975245,2.90909260991581,-0.375845824411135,546417,278741,49778,57429,,,__eof__
,,,,,,,,,,,2022M02,3.13356354667013,-0.0318200061222407,3.24421441774492,-0.447023411371237,557058,280063,49008,58063,,,__eof__
,,,,,,,,,,,2022M03,3.1111819181867,-0.0266987163915152,2.87676868829337,-0.365420195439739,550620,271247,48733,54574,,,__eof__
,,,,,,,,,,,2022M04,3.12463500012776,-0.0265633752829682,3.16845377898223,-0.35145306122449,583847,281759,48219,53984,,,__eof__
,,,,,,,,,,,2022M05,3.12117321559036,-0.0215587308903741,3.26025758818704,-0.116666666666667,576731,273622,48551,56409,,,__eof__
,,,,,,,,,,,2022M06,3.11453830448849,-0.0192438372043307,3.16084631952363,-0.188504983388704,547337,263382,47131,58299,,,__eof__
,,,,,,,,,,,2022M07,3.10561847465062,-0.0126502528903447,2.83361227970438,0.0200996677740864,NaN,NaN,NaN,NaN,,,__eof__
